num_partido;año;Generación;Rival;Condición;Tipo;Competencia;Goles Chile;Goles Rival;Dif. Goles;Resultado;Ciudad
410;1990;Generación 1990-1997;Brasil;Local;Oficial;Copa Expedito Teixeira;0;0;0;Empate;Santiago
411;1990;Generación 1990-1997;Brasil;Visita;Oficial;Copa Expedito Teixeira;0;0;0;Empate;Belém
412;1991;Generación 1990-1997;México;Visita;Amistoso;Partido amistoso;0;1;-1;Derrota;Veracruz
413;1991;Generación 1990-1997;República de Irlanda;Visita;Amistoso;Partido amistoso;1;1;0;Empate;Dublín
414;1991;Generación 1990-1997;Uruguay;Local;Amistoso;Partido amistoso;2;1;1;Victoria;Santiago
415;1991;Generación 1990-1997;Ecuador;Visita;Amistoso;Partido amistoso;1;2;-1;Derrota;Guayaquil
416;1991;Generación 1990-1997;Uruguay;Visita;Amistoso;Partido amistoso;1;2;-1;Derrota;Montevideo
417;1991;Generación 1990-1997;Ecuador;Local;Amistoso;Partido amistoso;3;1;2;Victoria;Santiago
418;1991;Generación 1990-1997;Venezuela;Local;Oficial;Copa América 1991;2;0;2;Victoria;Santiago
419;1991;Generación 1990-1997;Perú;Local;Oficial;Copa América 1991;4;2;2;Victoria;Concepción
420;1991;Generación 1990-1997;Argentina;Local;Oficial;Copa América 1991;0;1;-1;Derrota;Santiago
421;1991;Generación 1990-1997;Paraguay;Local;Oficial;Copa América 1991;4;0;4;Victoria;Santiago
422;1991;Generación 1990-1997;Colombia;Local;Oficial;Copa América 1991;1;1;0;Empate;Santiago
423;1991;Generación 1990-1997;Argentina;Local;Oficial;Copa América 1991;0;0;0;Empate;Santiago
424;1991;Generación 1990-1997;Brasil;Local;Oficial;Copa América 1991;0;2;-2;Derrota;Santiago
425;1993;Generación 1990-1997;Bolivia;Local;Amistoso;Partido amistoso;2;1;1;Victoria;Arica
426;1993;Generación 1990-1997;Colombia;Local;Amistoso;Partido amistoso;1;1;0;Empate;Santiago
427;1993;Generación 1990-1997;Colombia;Visita;Amistoso;Partido amistoso;0;1;-1;Derrota;Bogotá
428;1993;Generación 1990-1997;Ecuador;Visita;Amistoso;Partido amistoso;2;1;1;Victoria;Quito
429;1993;Generación 1990-1997;Bolivia;Visita;Amistoso;Partido amistoso;3;1;2;Victoria;La Paz
430;1993;Generación 1990-1997;Paraguay;Visita;Oficial;Copa América 1993;0;1;-1;Derrota;Cuenca
431;1993;Generación 1990-1997;Brasil;Visita;Oficial;Copa América 1993;3;2;1;Victoria;Cuenca
432;1993;Generación 1990-1997;Perú;Local;Oficial;Copa América 1993;0;1;-1;Derrota;Cuenca
433;1993;Generación 1990-1997;España;Visita;Amistoso;Partido amistoso;0;2;-2;Derrota;Alicante
434;1994;Generación 1990-1997;Francia;Visita;Amistoso;Partido amistoso;1;3;-2;Derrota;Lyon
435;1994;Generación 1990-1997;Arabia Saudita;Visita;Amistoso;Partido amistoso;2;0;2;Victoria;Riad
436;1994;Generación 1990-1997;Arabia Saudita;Visita;Amistoso;Partido amistoso;2;2;0;Empate;Riad
437;1994;Generación 1990-1997;Estados Unidos;Visita;Amistoso;Partido amistoso;2;0;2;Victoria;Albuquerque
438;1994;Generación 1990-1997;Argentina;Local;Amistoso;Partido amistoso;3;3;0;Empate;Santiago
439;1994;Generación 1990-1997;Perú;Local;Amistoso;Partido amistoso;2;1;1;Victoria;Santiago
440;1994;Generación 1990-1997;Bolivia;Local;Amistoso;Partido amistoso;1;2;-1;Derrota;Santiago
441;1994;Generación 1990-1997;Argentina;Local;Amistoso;Partido amistoso;0;3;-3;Derrota;Santiago
442;1995;Generación 1990-1997;México;Visita;Amistoso;Partido amistoso;2;1;1;Victoria;Los Ángeles
443;1995;Generación 1990-1997;Perú;Visita;Amistoso;Partido amistoso;0;6;-6;Derrota;Lima
444;1995;Generación 1990-1997;Islandia;Local;Amistoso;Partido amistoso;1;1;0;Empate;Temuco
445;1995;Generación 1990-1997;Irlanda del Norte;Local;Oficial;1995 Canada Cup;2;1;1;Victoria;Edmonton
446;1995;Generación 1990-1997;Canadá;Visita;Oficial;1995 Canada Cup;2;1;1;Victoria;Edmonton
447;1995;Generación 1990-1997;Nueva Zelanda;Local;Oficial;Copa Centenario del Fútbol Chileno;3;1;2;Victoria;Antofagasta
448;1995;Generación 1990-1997;Paraguay;Local;Oficial;Copa Centenario del Fútbol Chileno;0;1;-1;Derrota;La Serena
449;1995;Generación 1990-1997;Turquía;Local;Oficial;Copa Centenario del Fútbol Chileno;0;0;0;Empate;Santiago
450;1995;Generación 1990-1997;Estados Unidos;Visita;Oficial;Copa América 1995;1;2;-1;Derrota;Paysandú
451;1995;Generación 1990-1997;Argentina;Visita;Oficial;Copa América 1995;0;4;-4;Derrota;Paysandú
452;1995;Generación 1990-1997;Bolivia;Local;Oficial;Copa América 1995;2;2;0;Empate;Paysandú
453;1995;Generación 1990-1997;Canadá;Local;Amistoso;Partido amistoso;2;0;2;Victoria;Concepción
454;1996;Generación 1990-1997;Bolivia;Visita;Amistoso;Partido amistoso;1;1;0;Empate;Cochabamba
455;1996;Generación 1990-1997;México;Local;Amistoso;Partido amistoso;2;1;1;Victoria;Viña del Mar
456;1996;Generación 1990-1997;Perú;Local;Amistoso;Partido amistoso;4;0;4;Victoria;Coquimbo
457;1996;Generación 1990-1997;Australia;Local;Amistoso;Partido amistoso;3;0;3;Victoria;Antofagasta
458;1996;Generación 1990-1997;Bolivia;Local;Amistoso;Partido amistoso;2;0;2;Victoria;Santiago
459;1996;Generación 1990-1997;Venezuela;Visita;Oficial;Clasificatorias Francia 1998;1;1;0;Empate;Barinas
460;1996;Generación 1990-1997;Ecuador;Local;Oficial;Clasificatorias Francia 1998;4;1;3;Victoria;Santiago
461;1996;Generación 1990-1997;Costa Rica;Visita;Amistoso;Partido amistoso;1;1;0;Empate;Liberia
462;1996;Generación 1990-1997;Colombia;Visita;Oficial;Clasificatorias Francia 1998;1;4;-3;Derrota;Barranquilla
463;1996;Generación 1990-1997;Paraguay;Visita;Oficial;Clasificatorias Francia 1998;1;2;-1;Derrota;Asunción
464;1996;Generación 1990-1997;Uruguay;Local;Oficial;Clasificatorias Francia 1998;1;0;1;Victoria;Santiago
465;1996;Generación 1990-1997;Argentina;Visita;Oficial;Clasificatorias Francia 1998;1;1;0;Empate;Buenos Aires
466;1997;Generación 1990-1997;Armenia;Local;Amistoso;Partido amistoso;7;0;7;Victoria;Viña del Mar
467;1997;Generación 1990-1997;Perú;Visita;Oficial;Clasificatorias Francia 1998;1;2;-1;Derrota;Lima
468;1997;Generación 1990-1997;Bolivia;Visita;Oficial;Clasificatorias Francia 1998;1;1;0;Empate;La Paz
469;1997;Generación 1990-1997;Brasil;Visita;Amistoso;Partido amistoso;0;4;-4;Derrota;Brasilia
470;1997;Generación 1990-1997;Venezuela;Local;Oficial;Clasificatorias Francia 1998;6;0;6;Victoria;Santiago
471;1997;Generación 1990-1997;Ecuador;Visita;Oficial;Clasificatorias Francia 1998;1;1;0;Empate;Quito
472;1997;Generación 1990-1997;Paraguay;Local;Oficial;Copa América 1997;0;1;-1;Derrota;Cochabamba
473;1997;Generación 1990-1997;Argentina;Visita;Oficial;Copa América 1997;0;2;-2;Derrota;Cochabamba
474;1997;Generación 1990-1997;Ecuador;Local;Oficial;Copa América 1997;1;2;-1;Derrota;Cochabamba
475;1997;Generación 1990-1997;Colombia;Local;Oficial;Clasificatorias Francia 1998;4;1;3;Victoria;Santiago
476;1997;Generación 1990-1997;Paraguay;Local;Oficial;Clasificatorias Francia 1998;2;1;1;Victoria;Santiago
477;1997;Generación 1990-1997;Uruguay;Visita;Oficial;Clasificatorias Francia 1998;0;1;-1;Derrota;Montevideo
478;1997;Generación 1990-1997;Argentina;Local;Oficial;Clasificatorias Francia 1998;1;2;-1;Derrota;Santiago
479;1997;Generación 1990-1997;Perú;Local;Oficial;Clasificatorias Francia 1998;4;0;4;Victoria;Santiago
480;1997;Generación 1990-1997;Guatemala;Local;Amistoso;Partido amistoso;4;1;3;Victoria;Antofagasta
481;1997;Generación 1990-1997;Bolivia;Local;Oficial;Clasificatorias Francia 1998;3;0;3;Victoria;Santiago
482;1998;Generación Francia '98;Irán;Visita;Oficial;1998 Carlsberg Cup;1;1;0;Empate;So Kon Po
483;1998;Generación Francia '98;Nueva Zelanda;Visita;Amistoso;Partido amistoso;0;0;0;Empate;Auckland
484;1998;Generación Francia '98;Australia;Visita;Amistoso;Partido amistoso;1;0;1;Victoria;Melbourne
485;1998;Generación Francia '98;Inglaterra;Visita;Amistoso;Partido amistoso;2;0;2;Victoria;Londres
486;1998;Generación Francia '98;Colombia;Local;Amistoso;Partido amistoso;2;2;0;Empate;Santiago
487;1998;Generación Francia '98;Lituania;Local;Amistoso;Partido amistoso;1;0;1;Victoria;Santiago
488;1998;Generación Francia '98;Argentina;Visita;Amistoso;Partido amistoso;0;1;-1;Derrota;Mendoza
489;1998;Generación Francia '98;Uruguay;Local;Amistoso;Partido amistoso;2;2;0;Empate;Santiago
490;1998;Generación Francia '98;Túnez;Visita;Amistoso;Partido amistoso;3;2;1;Victoria;Montélimar
491;1998;Generación Francia '98;Marruecos;Visita;Amistoso;Partido amistoso;1;1;0;Empate;Aviñón
492;1998;Generación Francia '98;Italia;Visita;Oficial;Copa del Mundo Francia 1998;2;2;0;Empate;Burdeos
493;1998;Generación Francia '98;Austria;Local;Oficial;Copa del Mundo Francia 1998;1;1;0;Empate;Saint-Étienne
494;1998;Generación Francia '98;Camerún;Local;Oficial;Copa del Mundo Francia 1998;1;1;0;Empate;Nantes
495;1998;Generación Francia '98;Brasil;Visita;Oficial;Copa del Mundo Francia 1998;1;4;-3;Derrota;París
496;1999;Generación Francia '98;Guatemala;Visita;Amistoso;Partido amistoso;1;1;0;Empate;Ciudad de Guatemala
497;1999;Generación Francia '98;Estados Unidos;Visita;Amistoso;Partido amistoso;1;2;-1;Derrota;Fort Lauderdale
498;1999;Generación Francia '98;Bolivia;Visita;Amistoso;Partido amistoso;1;1;0;Empate;Cochabamba
499;1999;Generación Francia '98;Costa Rica;Local;Amistoso;Partido amistoso;3;0;3;Victoria;Concepción
500;1999;Generación Francia '98;Bolivia;Local;Amistoso;Partido amistoso;1;0;1;Victoria;Santiago
501;1999;Generación Francia '98;Ecuador;Local;Amistoso;Partido amistoso;0;0;0;Empate;Santiago
502;1999;Generación Francia '98;México;Local;Oficial;Copa América 1999;0;1;-1;Derrota;Ciudad del Este
503;1999;Generación Francia '98;Venezuela;Local;Oficial;Copa América 1999;3;0;3;Victoria;Ciudad del Este
504;1999;Generación Francia '98;Brasil;Visita;Oficial;Copa América 1999;0;1;-1;Derrota;Ciudad del Este
505;1999;Generación Francia '98;Colombia;Visita;Oficial;Copa América 1999;3;2;1;Victoria;Luque
506;1999;Generación Francia '98;Uruguay;Visita;Oficial;Copa América 1999;1;1;0;Empate;Asunción
507;1999;Generación Francia '98;México;Local;Oficial;Copa América 1999;1;2;-1;Derrota;Asunción
508;2000;Generación Francia '98;Estados Unidos;Local;Amistoso;Partido amistoso;1;2;-1;Derrota;Coquimbo
509;2000;Generación Francia '98;Costa Rica;Visita;Amistoso;Partido amistoso;0;1;-1;Derrota;San José
510;2000;Generación Francia '98;Guatemala;Visita;Amistoso;Partido amistoso;1;2;-1;Derrota;Ciudad de Guatemala
511;2000;Generación Francia '98;Australia;Local;Oficial;Copa Ciudad de Valparaíso;2;1;1;Victoria;Valparaíso
512;2000;Generación Francia '98;Bulgaria;Local;Oficial;Copa Ciudad de Valparaíso;3;2;1;Victoria;Valparaíso
513;2000;Generación Francia '98;Eslovaquia;Local;Oficial;Copa Ciudad de Valparaíso;0;2;-2;Derrota;Valparaíso
514;2000;Generación Francia '98;Honduras;Local;Amistoso;Partido amistoso;5;2;3;Victoria;Santiago
515;2000;Generación Francia '98;Argentina;Visita;Oficial;Clasificatorias Corea/Japón 2002;1;4;-3;Derrota;Buenos Aires
516;2000;Generación Francia '98;Perú;Local;Oficial;Clasificatorias Corea/Japón 2002;1;1;0;Empate;Santiago
517;2000;Generación Francia '98;Uruguay;Visita;Oficial;Clasificatorias Corea/Japón 2002;1;2;-1;Derrota;Montevideo
518;2000;Generación Francia '98;Paraguay;Local;Oficial;Clasificatorias Corea/Japón 2002;3;1;2;Victoria;Santiago
519;2000;Generación Francia '98;Bolivia;Visita;Oficial;Clasificatorias Corea/Japón 2002;0;1;-1;Derrota;La Paz
520;2000;Generación Francia '98;Venezuela;Visita;Oficial;Clasificatorias Corea/Japón 2002;2;0;2;Victoria;San Cristóbal
521;2000;Generación Francia '98;Brasil;Local;Oficial;Clasificatorias Corea/Japón 2002;3;0;3;Victoria;Santiago
522;2000;Generación Francia '98;Colombia;Local;Oficial;Clasificatorias Corea/Japón 2002;0;1;-1;Derrota;Santiago
523;2000;Generación Francia '98;Ecuador;Visita;Oficial;Clasificatorias Corea/Japón 2002;0;1;-1;Derrota;Quito
524;2000;Generación Francia '98;Argentina;Local;Oficial;Clasificatorias Corea/Japón 2002;0;2;-2;Derrota;Santiago
525;2001;Generación Francia '98;Honduras;Visita;Amistoso;Partido amistoso;1;3;-2;Derrota;San Pedro Sula
526;2001;Generación Francia '98;Perú;Visita;Oficial;Clasificatorias Corea/Japón 2002;1;3;-2;Derrota;Lima
527;2001;Generación Francia '98;México;Visita;Amistoso;Partido amistoso;0;1;-1;Derrota;Monterrey
528;2001;Generación Francia '98;Uruguay;Local;Oficial;Clasificatorias Corea/Japón 2002;0;1;-1;Derrota;Santiago
529;2001;Generación Francia '98;Paraguay;Visita;Oficial;Clasificatorias Corea/Japón 2002;0;1;-1;Derrota;Asunción
530;2001;Generación Francia '98;Ecuador;Visita;Oficial;Copa América 2001;4;1;3;Victoria;Barranquilla
531;2001;Generación Francia '98;Venezuela;Local;Oficial;Copa América 2001;1;0;1;Victoria;Barranquilla
532;2001;Generación Francia '98;Colombia;Visita;Oficial;Copa América 2001;0;2;-2;Derrota;Barranquilla
533;2001;Generación Francia '98;México;Local;Oficial;Copa América 2001;0;2;-2;Derrota;Pereira
534;2001;Generación Francia '98;Bolivia;Local;Oficial;Clasificatorias Corea/Japón 2002;2;2;0;Empate;Santiago
535;2001;Generación Francia '98;Francia;Local;Amistoso;Partido amistoso;2;1;1;Victoria;Santiago
536;2001;Generación Francia '98;Venezuela;Local;Oficial;Clasificatorias Corea/Japón 2002;0;2;-2;Derrota;Santiago
537;2001;Generación Francia '98;Brasil;Visita;Oficial;Clasificatorias Corea/Japón 2002;0;2;-2;Derrota;Curitiba
538;2001;Generación Francia '98;Colombia;Visita;Oficial;Clasificatorias Corea/Japón 2002;1;3;-2;Derrota;Bogotá
539;2001;Generación Francia '98;Ecuador;Local;Oficial;Clasificatorias Corea/Japón 2002;0;0;0;Empate;Santiago
540;2002;Generación Francia '98;Turquía;Visita;Amistoso;Partido amistoso;0;2;-2;Derrota;Kerkrade
541;2003;Generación Francia '98;Perú;Local;Amistoso;Partido amistoso;2;0;2;Victoria;Santiago
542;2003;Generación Francia '98;Perú;Visita;Amistoso;Partido amistoso;0;3;-3;Derrota;Lima
543;2003;Generación Francia '98;Costa Rica;Local;Amistoso;Partido amistoso;1;0;1;Victoria;Santiago
544;2003;Generación Francia '98;Costa Rica;Visita;Amistoso;Partido amistoso;0;1;-1;Derrota;San José
545;2003;Generación Francia '98;Honduras;Visita;Amistoso;Partido amistoso;2;1;1;Victoria;San Pedro Sula
546;2003;Generación Francia '98;China;Visita;Amistoso;Partido amistoso;0;0;0;Empate;Tianjin
547;2003;Generación Francia '98;Argentina;Visita;Oficial;Clasificatorias Alemania 2006;2;2;0;Empate;Buenos Aires
548;2003;Generación Francia '98;Perú;Local;Oficial;Clasificatorias Alemania 2006;2;1;1;Victoria;Santiago
549;2003;Generación Francia '98;Uruguay;Visita;Oficial;Clasificatorias Alemania 2006;1;2;-1;Derrota;Montevideo
550;2003;Generación Francia '98;Paraguay;Local;Oficial;Clasificatorias Alemania 2006;0;1;-1;Derrota;Santiago
551;2004;Generación Francia '98;México;Visita;Amistoso;Partido amistoso;1;1;0;Empate;Carson
552;2004;Generación Francia '98;Bolivia;Visita;Oficial;Clasificatorias Alemania 2006;2;0;2;Victoria;La Paz
553;2004;Generación Francia '98;Perú;Local;Amistoso;Partido amistoso;1;1;0;Empate;Antofagasta
554;2004;Generación Francia '98;Venezuela;Visita;Oficial;Clasificatorias Alemania 2006;1;0;1;Victoria;San Cristóbal
555;2004;Generación Francia '98;Brasil;Local;Oficial;Clasificatorias Alemania 2006;1;1;0;Empate;Santiago
556;2004;Generación Francia '98;Brasil;Visita;Oficial;Copa América 2004;0;1;-1;Derrota;Arequipa
557;2004;Generación Francia '98;Paraguay;Visita;Oficial;Copa América 2004;1;1;0;Empate;Arequipa
558;2004;Generación Francia '98;Costa Rica;Visita;Oficial;Copa América 2004;1;2;-1;Derrota;Tacna
559;2004;Generación Francia '98;Colombia;Local;Oficial;Clasificatorias Alemania 2006;0;0;0;Empate;Santiago
560;2004;Generación Francia '98;Ecuador;Visita;Oficial;Clasificatorias Alemania 2006;0;2;-2;Derrota;Quito
561;2004;Generación Francia '98;Argentina;Local;Oficial;Clasificatorias Alemania 2006;0;0;0;Empate;Santiago
562;2004;Generación Francia '98;Perú;Visita;Oficial;Clasificatorias Alemania 2006;1;2;-1;Derrota;Lima
563;2005;Generación Francia '98;Ecuador;Local;Amistoso;Partido amistoso;3;0;3;Victoria;Viña del Mar
564;2005;Generación Francia '98;Uruguay;Local;Oficial;Clasificatorias Alemania 2006;1;1;0;Empate;Santiago
565;2005;Generación Francia '98;Paraguay;Visita;Oficial;Clasificatorias Alemania 2006;1;2;-1;Derrota;Asunción
566;2005;Generación Francia '98;Bolivia;Local;Oficial;Clasificatorias Alemania 2006;3;1;2;Victoria;Santiago
567;2005;Generación Francia '98;Venezuela;Local;Oficial;Clasificatorias Alemania 2006;2;1;1;Victoria;Santiago
568;2005;Generación Francia '98;Perú;Visita;Amistoso;Partido amistoso;1;3;-2;Derrota;Tacna
569;2005;Generación Francia '98;Brasil;Visita;Oficial;Clasificatorias Alemania 2006;0;5;-5;Derrota;Brasilia
570;2005;Generación Francia '98;Colombia;Visita;Oficial;Clasificatorias Alemania 2006;1;1;0;Empate;Barranquilla
571;2005;Generación Francia '98;Ecuador;Local;Oficial;Clasificatorias Alemania 2006;0;0;0;Empate;Santiago
572;2006;Generación Francia '98;Nueva Zelanda;Local;Amistoso;Partido amistoso;4;1;3;Victoria;Rancagua
573;2006;Generación Francia '98;Nueva Zelanda;Local;Amistoso;Partido amistoso;1;0;1;Victoria;La Calera
574;2006;Generación Francia '98;República de Irlanda;Visita;Amistoso;Partido amistoso;1;0;1;Victoria;Dublín
575;2006;Generación Francia '98;Costa de Marfil;Local;Amistoso;Partido amistoso;1;1;0;Empate;Vittel
576;2006;Generación Francia '98;Suecia;Visita;Amistoso;Partido amistoso;1;1;0;Empate;Solna
577;2006;Generación Francia '98;Colombia;Local;Amistoso;Partido amistoso;1;2;-1;Derrota;Santiago
578;2006;Generación Francia '98;Perú;Local;Oficial;Copa del Pacífico 2006;3;2;1;Victoria;Viña del Mar
579;2006;Generación Francia '98;Perú;Visita;Oficial;Copa del Pacífico 2006;1;0;1;Victoria;Tacna
580;2006;Generación Francia '98;Paraguay;Local;Amistoso;Partido amistoso;3;2;1;Victoria;Viña del Mar
581;2007;Generación Dorada;Venezuela;Visita;Amistoso;Partido amistoso;1;0;1;Victoria;Maracaibo
582;2007;Generación Dorada;Brasil;Visita;Amistoso;Partido amistoso;0;4;-4;Derrota;Gotemburgo
583;2007;Generación Dorada;Costa Rica;Local;Amistoso;Partido amistoso;1;1;0;Empate;Talca
584;2007;Generación Dorada;Argentina;Visita;Amistoso;Partido amistoso;0;0;0;Empate;Mendoza
585;2007;Generación Dorada;Cuba;Local;Amistoso;Partido amistoso;3;0;3;Victoria;Osorno
586;2007;Generación Dorada;Cuba;Local;Amistoso;Partido amistoso;2;0;2;Victoria;Temuco
587;2007;Generación Dorada;Haití;Visita;Amistoso;Partido amistoso;0;0;0;Empate;Puerto Príncipe
588;2007;Generación Dorada;Costa Rica;Visita;Amistoso;Partido amistoso;0;2;-2;Derrota;San José
589;2007;Generación Dorada;Jamaica;Visita;Amistoso;Partido amistoso;1;0;1;Victoria;Kingston
590;2007;Generación Dorada;Ecuador;Visita;Oficial;Copa América 2007;3;2;1;Victoria;Puerto Ordaz
591;2007;Generación Dorada;Brasil;Visita;Oficial;Copa América 2007;0;3;-3;Derrota;Maturín
592;2007;Generación Dorada;México;Visita;Oficial;Copa América 2007;0;0;0;Empate;Puerto La Cruz
593;2007;Generación Dorada;Brasil;Local;Oficial;Copa América 2007;1;6;-5;Derrota;Puerto La Cruz
594;2007;Generación Dorada;Suiza;Visita;Oficial;Turnier der Kontinente 2007;1;2;-1;Derrota;Viena
595;2007;Generación Dorada;Austria;Visita;Oficial;Turnier der Kontinente 2007;2;0;2;Victoria;Viena
596;2007;Generación Dorada;Argentina;Visita;Oficial;Clasificatorias Sudáfrica 2010;0;2;-2;Derrota;Buenos Aires
597;2007;Generación Dorada;Perú;Local;Oficial;Clasificatorias Sudáfrica 2010;2;0;2;Victoria;Santiago
598;2007;Generación Dorada;Uruguay;Visita;Oficial;Clasificatorias Sudáfrica 2010;2;2;0;Empate;Montevideo
599;2007;Generación Dorada;Paraguay;Local;Oficial;Clasificatorias Sudáfrica 2010;0;3;-3;Derrota;Santiago
600;2008;Generación Dorada;Japón;Visita;Amistoso;Partido amistoso;0;0;0;Empate;Tokio
601;2008;Generación Dorada;Corea del Sur;Visita;Amistoso;Partido amistoso;1;0;1;Victoria;Seúl
602;2008;Generación Dorada;Israel;Visita;Amistoso;Partido amistoso;0;1;-1;Derrota;Ramat Gan
603;2008;Generación Dorada;Guatemala;Local;Amistoso;Partido amistoso;2;0;2;Victoria;Rancagua
604;2008;Generación Dorada;Panamá;Local;Amistoso;Partido amistoso;0;0;0;Empate;Valparaíso
605;2008;Generación Dorada;Bolivia;Visita;Oficial;Clasificatorias Sudáfrica 2010;2;0;2;Victoria;La Paz
606;2008;Generación Dorada;Venezuela;Visita;Oficial;Clasificatorias Sudáfrica 2010;3;2;1;Victoria;Puerto La Cruz
607;2008;Generación Dorada;Turquía;Visita;Amistoso;Partido amistoso;0;1;-1;Derrota;_zmit
608;2008;Generación Dorada;Brasil;Local;Oficial;Clasificatorias Sudáfrica 2010;0;3;-3;Derrota;Santiago
609;2008;Generación Dorada;Colombia;Local;Oficial;Clasificatorias Sudáfrica 2010;4;0;4;Victoria;Santiago
610;2008;Generación Dorada;México;Visita;Amistoso;Partido amistoso;1;0;1;Victoria;Los Ángeles
611;2008;Generación Dorada;Ecuador;Visita;Oficial;Clasificatorias Sudáfrica 2010;0;1;-1;Derrota;Quito
612;2008;Generación Dorada;Argentina;Local;Oficial;Clasificatorias Sudáfrica 2010;1;0;1;Victoria;Santiago
613;2008;Generación Dorada;España;Visita;Amistoso;Partido amistoso;0;3;-3;Derrota;Villarreal
614;2009;Generación Dorada;Honduras;Visita;Amistoso;Partido amistoso;0;2;-2;Derrota;Fort Lauderdale
615;2009;Generación Dorada;Sudáfrica;Visita;Amistoso;Partido amistoso;2;0;2;Victoria;Polokwane
616;2009;Generación Dorada;Perú;Visita;Oficial;Clasificatorias Sudáfrica 2010;3;1;2;Victoria;Lima
617;2009;Generación Dorada;Uruguay;Local;Oficial;Clasificatorias Sudáfrica 2010;0;0;0;Empate;Santiago
618;2009;Generación Dorada;Japón;Visita;Oficial;2009 Kirin Cup;0;4;-4;Derrota;Osaka
619;2009;Generación Dorada;Bélgica;Visita;Oficial;2009 Kirin Cup;1;1;0;Empate;Chiba
620;2009;Generación Dorada;Paraguay;Visita;Oficial;Clasificatorias Sudáfrica 2010;2;0;2;Victoria;Asunción
621;2009;Generación Dorada;Bolivia;Local;Oficial;Clasificatorias Sudáfrica 2010;4;0;4;Victoria;Santiago
622;2009;Generación Dorada;Dinamarca;Visita;Amistoso;Partido amistoso;2;1;1;Victoria;Brøndby
623;2009;Generación Dorada;Venezuela;Local;Oficial;Clasificatorias Sudáfrica 2010;2;2;0;Empate;Santiago
624;2009;Generación Dorada;Brasil;Visita;Oficial;Clasificatorias Sudáfrica 2010;2;4;-2;Derrota;Salvador
625;2009;Generación Dorada;Colombia;Visita;Oficial;Clasificatorias Sudáfrica 2010;4;2;2;Victoria;Medellín
626;2009;Generación Dorada;Ecuador;Local;Oficial;Clasificatorias Sudáfrica 2010;1;0;1;Victoria;Santiago
627;2009;Generación Dorada;Paraguay;Local;Amistoso;Partido amistoso;2;1;1;Victoria;Talcahuano
628;2009;Generación Dorada;Eslovaquia;Visita;Amistoso;Partido amistoso;2;1;1;Victoria;_ilina
629;2010;Generación Dorada;Panamá;Local;Amistoso;Partido amistoso;2;1;1;Victoria;Coquimbo
630;2010;Generación Dorada;Venezuela;Local;Amistoso;Partido amistoso;0;0;0;Empate;Temuco
631;2010;Generación Dorada;Trinidad y Tobago;Local;Amistoso;Partido amistoso;2;0;2;Victoria;Iquique
632;2010;Generación Dorada;México;Visita;Amistoso;Partido amistoso;0;1;-1;Derrota;Ciudad de México
633;2010;Generación Dorada;Zambia;Local;Amistoso;Partido amistoso;3;0;3;Victoria;Calama
634;2010;Generación Dorada;Irlanda del Norte;Local;Amistoso;Partido amistoso;1;0;1;Victoria;Chillán
635;2010;Generación Dorada;Israel;Local;Amistoso;Partido amistoso;3;0;3;Victoria;Concepción
636;2010;Generación Dorada;Honduras;Visita;Oficial;Copa del Mundo Sudáfrica 2010;1;0;1;Victoria;Nelspruit
637;2010;Generación Dorada;Suiza;Local;Oficial;Copa del Mundo Sudáfrica 2010;1;0;1;Victoria;Port Elizabeth
638;2010;Generación Dorada;España;Local;Oficial;Copa del Mundo Sudáfrica 2010;1;2;-1;Derrota;Pretoria
639;2010;Generación Dorada;Brasil;Visita;Oficial;Copa del Mundo Sudáfrica 2010;0;3;-3;Derrota;Johannesburgo
640;2010;Generación Dorada;Ucrania;Visita;Amistoso;Partido amistoso;1;2;-1;Derrota;Kiev
641;2010;Generación Dorada;Emiratos Árabes Unidos;Visita;Amistoso;Partido amistoso;2;0;2;Victoria;Abu Dabi
642;2010;Generación Dorada;Omán;Visita;Amistoso;Partido amistoso;1;0;1;Victoria;Seeb
643;2010;Generación Dorada;Uruguay;Local;Amistoso;Partido amistoso;2;0;2;Victoria;Santiago
644;2011;Generación Dorada;Estados Unidos;Visita;Amistoso;Partido amistoso;1;1;0;Empate;Carson
645;2011;Generación Dorada;Portugal;Visita;Amistoso;Partido amistoso;1;1;0;Empate;Leiría
646;2011;Generación Dorada;Colombia;Visita;Amistoso;Partido amistoso;2;0;2;Victoria;La Haya
647;2011;Generación Dorada;Estonia;Local;Amistoso;Partido amistoso;4;0;4;Victoria;Santiago
648;2011;Generación Dorada;Paraguay;Visita;Amistoso;Partido amistoso;0;0;0;Empate;Asunción
649;2011;Generación Dorada;México;Local;Oficial;Copa América 2011;2;1;1;Victoria;San Juan
650;2011;Generación Dorada;Uruguay;Visita;Oficial;Copa América 2011;1;1;0;Empate;Mendoza
651;2011;Generación Dorada;Perú;Local;Oficial;Copa América 2011;1;0;1;Victoria;Mendoza
652;2011;Generación Dorada;Venezuela;Local;Oficial;Copa América 2011;1;2;-1;Derrota;San Juan
653;2011;Generación Dorada;Francia;Visita;Amistoso;Partido amistoso;1;1;0;Empate;Montpellier
654;2011;Generación Dorada;España;Visita;Amistoso;Partido amistoso;2;3;-1;Derrota;Sankt Gallen
655;2011;Generación Dorada;México;Visita;Amistoso;Partido amistoso;0;1;-1;Derrota;Cornellà de Llobregat
656;2011;Generación Dorada;Argentina;Visita;Oficial;Clasificatorias Brasil 2014;1;4;-3;Derrota;Buenos Aires
657;2011;Generación Dorada;Perú;Local;Oficial;Clasificatorias Brasil 2014;4;2;2;Victoria;Santiago
658;2011;Generación Dorada;Uruguay;Visita;Oficial;Clasificatorias Brasil 2014;0;4;-4;Derrota;Montevideo
659;2011;Generación Dorada;Paraguay;Local;Oficial;Clasificatorias Brasil 2014;2;0;2;Victoria;Santiago
660;2011;Generación Dorada;Paraguay;Local;Amistoso;Partido amistoso;3;2;1;Victoria;La Serena
661;2012;Generación Dorada;Paraguay;Visita;Amistoso;Partido amistoso;0;2;-2;Derrota;Luque
662;2012;Generación Dorada;Ghana;Local;Amistoso;Partido amistoso;1;1;0;Empate;Chester
663;2012;Generación Dorada;Perú;Local;Oficial;Copa del Pacífico 2012;3;1;2;Victoria;Arica
664;2012;Generación Dorada;Perú;Visita;Oficial;Copa del Pacífico 2012;3;0;3;Victoria;Tacna
665;2012;Generación Dorada;Bolivia;Visita;Oficial;Clasificatorias Brasil 2014;2;0;2;Victoria;La Paz
666;2012;Generación Dorada;Venezuela;Visita;Oficial;Clasificatorias Brasil 2014;2;0;2;Victoria;Puerto La Cruz
667;2012;Generación Dorada;Ecuador;Visita;Amistoso;Partido amistoso;0;3;-3;Derrota;Nueva York
668;2012;Generación Dorada;Colombia;Local;Oficial;Clasificatorias Brasil 2014;1;3;-2;Derrota;Santiago
669;2012;Generación Dorada;Ecuador;Visita;Oficial;Clasificatorias Brasil 2014;1;3;-2;Derrota;Quito
670;2012;Generación Dorada;Argentina;Local;Oficial;Clasificatorias Brasil 2014;1;2;-1;Derrota;Santiago
671;2012;Generación Dorada;Serbia;Local;Amistoso;Partido amistoso;1;3;-2;Derrota;Sankt Gallen
672;2013;Generación Dorada;Senegal;Local;Amistoso;Partido amistoso;2;1;1;Victoria;La Serena
673;2013;Generación Dorada;Haití;Local;Amistoso;Partido amistoso;3;0;3;Victoria;Concepción
674;2013;Generación Dorada;Egipto;Local;Amistoso;Partido amistoso;2;1;1;Victoria;Madrid
675;2013;Generación Dorada;Perú;Visita;Oficial;Clasificatorias Brasil 2014;0;1;-1;Derrota;Lima
676;2013;Generación Dorada;Uruguay;Local;Oficial;Clasificatorias Brasil 2014;2;0;2;Victoria;Santiago
677;2013;Generación Dorada;Brasil;Visita;Amistoso;Partido amistoso;2;2;0;Empate;Belo Horizonte
678;2013;Generación Dorada;Paraguay;Visita;Oficial;Clasificatorias Brasil 2014;2;1;1;Victoria;Asunción
679;2013;Generación Dorada;Bolivia;Local;Oficial;Clasificatorias Brasil 2014;3;1;2;Victoria;Santiago
680;2013;Generación Dorada;Irak;Local;Amistoso;Partido amistoso;6;0;6;Victoria;Brøndby
681;2013;Generación Dorada;Venezuela;Local;Oficial;Clasificatorias Brasil 2014;3;0;3;Victoria;Santiago
682;2013;Generación Dorada;España;Visita;Amistoso;Partido amistoso;2;2;0;Empate;Ginebra
683;2013;Generación Dorada;Colombia;Visita;Oficial;Clasificatorias Brasil 2014;3;3;0;Empate;Barranquilla
684;2013;Generación Dorada;Ecuador;Local;Oficial;Clasificatorias Brasil 2014;2;1;1;Victoria;Santiago
685;2013;Generación Dorada;Inglaterra;Visita;Amistoso;Partido amistoso;2;0;2;Victoria;Londres
686;2013;Generación Dorada;Brasil;Visita;Amistoso;Partido amistoso;1;2;-1;Derrota;Toronto
687;2014;Generación Dorada;Costa Rica;Local;Amistoso;Partido amistoso;4;0;4;Victoria;Coquimbo
688;2014;Generación Dorada;Alemania;Visita;Amistoso;Partido amistoso;0;1;-1;Derrota;Stuttgart
689;2014;Generación Dorada;Egipto;Local;Amistoso;Partido amistoso;3;2;1;Victoria;Santiago
690;2014;Generación Dorada;Irlanda del Norte;Local;Amistoso;Partido amistoso;2;0;2;Victoria;Valparaíso
691;2014;Generación Dorada;Australia;Local;Oficial;Copa del Mundo Brasil 2014;3;1;2;Victoria;Cuiabá
692;2014;Generación Dorada;España;Visita;Oficial;Copa del Mundo Brasil 2014;2;0;2;Victoria;Río de Janeiro
693;2014;Generación Dorada;Países Bajos;Visita;Oficial;Copa del Mundo Brasil 2014;0;2;-2;Derrota;São Paulo
694;2014;Generación Dorada;Brasil;Visita;Oficial;Copa del Mundo Brasil 2014;1;1;0;Empate;Belo Horizonte
695;2014;Generación Dorada;México;Local;Amistoso;Partido amistoso;0;0;0;Empate;Santa Clara
696;2014;Generación Dorada;Haití;Local;Amistoso;Partido amistoso;1;0;1;Victoria;Fort Lauderdale
697;2014;Generación Dorada;Perú;Local;Amistoso;Partido amistoso;3;0;3;Victoria;Valparaíso
698;2014;Generación Dorada;Bolivia;Local;Amistoso;Partido amistoso;2;2;0;Empate;Coquimbo
699;2014;Generación Dorada;Venezuela;Local;Amistoso;Partido amistoso;5;0;5;Victoria;Talcahuano
700;2014;Generación Dorada;Uruguay;Local;Amistoso;Partido amistoso;1;2;-1;Derrota;Santiago
701;2015;Generación Dorada;Estados Unidos;Local;Amistoso;Partido amistoso;3;2;1;Victoria;Rancagua
702;2015;Generación Dorada;Irán;Visita;Amistoso;Partido amistoso;0;2;-2;Derrota;Sankt Pölten
703;2015;Generación Dorada;Brasil;Visita;Amistoso;Partido amistoso;0;1;-1;Derrota;Londres
704;2015;Generación Dorada;El Salvador;Local;Amistoso;Partido amistoso;1;0;1;Victoria;Rancagua
705;2015;Generación Dorada;Ecuador;Local;Oficial;Copa América 2015;2;0;2;Victoria;Santiago
706;2015;Generación Dorada;México;Local;Oficial;Copa América 2015;3;3;0;Empate;Santiago
707;2015;Generación Dorada;Bolivia;Local;Oficial;Copa América 2015;5;0;5;Victoria;Santiago
708;2015;Generación Dorada;Uruguay;Local;Oficial;Copa América 2015;1;0;1;Victoria;Santiago
709;2015;Generación Dorada;Perú;Local;Oficial;Copa América 2015;2;1;1;Victoria;Santiago
710;2015;Generación Dorada;Argentina;Local;Oficial;Copa América 2015;0;0;0;Empate;Santiago
711;2015;Generación Dorada;Paraguay;Local;Amistoso;Partido amistoso;3;2;1;Victoria;Santiago
712;2015;Generación Dorada;Brasil;Local;Oficial;Clasificatorias Rusia 2018;2;0;2;Victoria;Santiago
713;2015;Generación Dorada;Perú;Visita;Oficial;Clasificatorias Rusia 2018;4;3;1;Victoria;Lima
714;2015;Generación Dorada;Colombia;Local;Oficial;Clasificatorias Rusia 2018;1;1;0;Empate;Santiago
715;2015;Generación Dorada;Uruguay;Visita;Oficial;Clasificatorias Rusia 2018;0;3;-3;Derrota;Montevideo
716;2016;Generación Dorada;Argentina;Local;Oficial;Clasificatorias Rusia 2018;1;2;-1;Derrota;Santiago
717;2016;Generación Dorada;Venezuela;Visita;Oficial;Clasificatorias Rusia 2018;4;1;3;Victoria;Barinas
718;2016;Generación Dorada;Jamaica;Local;Amistoso;Partido amistoso;1;2;-1;Derrota;Viña del Mar
719;2016;Generación Dorada;México;Visita;Amistoso;Partido amistoso;0;1;-1;Derrota;San Diego
720;2016;Generación Dorada;Argentina;Visita;Oficial;Copa América Centenario;1;2;-1;Derrota;Santa Clara
721;2016;Generación Dorada;Bolivia;Local;Oficial;Copa América Centenario;2;1;1;Victoria;Foxborough
722;2016;Generación Dorada;Panamá;Local;Oficial;Copa América Centenario;4;2;2;Victoria;Filadelfia
723;2016;Generación Dorada;México;Visita;Oficial;Copa América Centenario;7;0;7;Victoria;Santa Clara
724;2016;Generación Dorada;Colombia;Visita;Oficial;Copa América Centenario;2;0;2;Victoria;Chicago
725;2016;Generación Dorada;Argentina;Visita;Oficial;Copa América Centenario;0;0;0;Empate;East Rutherford
726;2016;Generación Dorada;Paraguay;Visita;Oficial;Clasificatorias Rusia 2018;1;2;-1;Derrota;Asunción
727;2016;Generación Dorada;Bolivia;Local;Oficial;Clasificatorias Rusia 2018;3;0;3;Victoria;Santiago
728;2016;Generación Dorada;Ecuador;Visita;Oficial;Clasificatorias Rusia 2018;0;3;-3;Derrota;Quito
729;2016;Generación Dorada;Perú;Local;Oficial;Clasificatorias Rusia 2018;2;1;1;Victoria;Santiago
730;2016;Generación Dorada;Colombia;Visita;Oficial;Clasificatorias Rusia 2018;0;0;0;Empate;Barranquilla
731;2016;Generación Dorada;Uruguay;Local;Oficial;Clasificatorias Rusia 2018;3;1;2;Victoria;Santiago
732;2017;Generación Dorada;Croacia;Local;Oficial;2017 China Cup;1;1;0;Empate;Nanning
733;2017;Generación Dorada;Islandia;Visita;Oficial;2017 China Cup;1;0;1;Victoria;Nanning
734;2017;Generación Dorada;Argentina;Visita;Oficial;Clasificatorias Rusia 2018;0;1;-1;Derrota;Buenos Aires
735;2017;Generación Dorada;Venezuela;Local;Oficial;Clasificatorias Rusia 2018;3;1;2;Victoria;Santiago
736;2017;Generación Dorada;Burkina Faso;Local;Amistoso;Partido amistoso;3;0;3;Victoria;Santiago
737;2017;Generación Dorada;Rusia;Visita;Amistoso;Partido amistoso;1;1;0;Empate;Moscú
738;2017;Generación Dorada;Rumania;Visita;Amistoso;Partido amistoso;2;3;-1;Derrota;Cluj-Napoca
739;2017;Generación Dorada;Camerún;Visita;Oficial;Copa Confederaciones 2017;2;0;2;Victoria;Moscú
740;2017;Generación Dorada;Alemania;Visita;Oficial;Copa Confederaciones 2017;1;1;0;Empate;Kazán
741;2017;Generación Dorada;Australia;Local;Oficial;Copa Confederaciones 2017;1;1;0;Empate;Moscú
742;2017;Generación Dorada;Portugal;Visita;Oficial;Copa Confederaciones 2017;0;0;0;Empate;Kazán
743;2017;Generación Dorada;Alemania;Local;Oficial;Copa Confederaciones 2017;0;1;-1;Derrota;San Petersburgo
744;2017;Generación Dorada;Paraguay;Local;Oficial;Clasificatorias Rusia 2018;0;3;-3;Derrota;Santiago
745;2017;Generación Dorada;Bolivia;Visita;Oficial;Clasificatorias Rusia 2018;0;1;-1;Derrota;La Paz
746;2017;Generación Dorada;Ecuador;Local;Oficial;Clasificatorias Rusia 2018;2;1;1;Victoria;Santiago
747;2017;Generación Dorada;Brasil;Visita;Oficial;Clasificatorias Rusia 2018;0;3;-3;Derrota;São Paulo
748;2018;Post Generación Dorada;Suecia;Visita;Amistoso;Partido amistoso;2;1;1;Victoria;Solna
749;2018;Post Generación Dorada;Dinamarca;Visita;Amistoso;Partido amistoso;0;0;0;Empate;Aalborg
750;2018;Post Generación Dorada;Rumania;Visita;Amistoso;Partido amistoso;2;3;-1;Derrota;Graz
751;2018;Post Generación Dorada;Serbia;Visita;Amistoso;Partido amistoso;1;0;1;Victoria;Graz
752;2018;Post Generación Dorada;Polonia;Visita;Amistoso;Partido amistoso;2;2;0;Empate;Pozna_
753;2018;Post Generación Dorada;Corea del Sur;Visita;Amistoso;Partido amistoso;0;0;0;Empate;Suwon
754;2018;Post Generación Dorada;Perú;Visita;Amistoso;Partido amistoso;0;3;-3;Derrota;Miami Gardens
755;2018;Post Generación Dorada;México;Visita;Amistoso;Partido amistoso;1;0;1;Victoria;Querétaro
756;2018;Post Generación Dorada;Costa Rica;Local;Amistoso;Partido amistoso;2;3;-1;Derrota;Rancagua
757;2018;Post Generación Dorada;Honduras;Local;Amistoso;Partido amistoso;4;1;3;Victoria;Temuco
758;2019;Post Generación Dorada;México;Visita;Amistoso;Partido amistoso;1;3;-2;Derrota;San Diego
759;2019;Post Generación Dorada;Estados Unidos;Visita;Amistoso;Partido amistoso;1;1;0;Empate;Houston
760;2019;Post Generación Dorada;Haití;Local;Amistoso;Partido amistoso;2;1;1;Victoria;La Serena
761;2019;Post Generación Dorada;Japón;Visita;Oficial;Copa América 2019;4;0;4;Victoria;São Paulo
762;2019;Post Generación Dorada;Ecuador;Visita;Oficial;Copa América 2019;2;1;1;Victoria;Salvador
763;2019;Post Generación Dorada;Uruguay;Local;Oficial;Copa América 2019;0;1;-1;Derrota;Río de Janeiro
764;2019;Post Generación Dorada;Colombia;Visita;Oficial;Copa América 2019;0;0;0;Empate;São Paulo
765;2019;Post Generación Dorada;Perú;Local;Oficial;Copa América 2019;0;3;-3;Derrota;Porto Alegre
766;2019;Post Generación Dorada;Argentina;Visita;Oficial;Copa América 2019;1;2;-1;Derrota;São Paulo
767;2019;Post Generación Dorada;Argentina;Visita;Amistoso;Partido amistoso;0;0;0;Empate;Los Ángeles
768;2019;Post Generación Dorada;Honduras;Visita;Amistoso;Partido amistoso;1;2;-1;Derrota;San Pedro Sula
769;2019;Post Generación Dorada;Colombia;Visita;Amistoso;Partido amistoso;0;0;0;Empate;Alicante
770;2019;Post Generación Dorada;Guinea;Visita;Amistoso;Partido amistoso;3;2;1;Victoria;Alicante
771;2020;Post Generación Dorada;Uruguay;Visita;Oficial;Clasificatorias Catar 2022;1;2;-1;Derrota;Montevideo
772;2020;Post Generación Dorada;Colombia;Local;Oficial;Clasificatorias Catar 2022;2;2;0;Empate;Santiago
773;2020;Post Generación Dorada;Perú;Local;Oficial;Clasificatorias Catar 2022;2;0;2;Victoria;Santiago
774;2020;Post Generación Dorada;Venezuela;Visita;Oficial;Clasificatorias Catar 2022;1;2;-1;Derrota;Caracas
775;2021;Post Generación Dorada;Bolivia;Local;Amistoso;Partido amistoso;2;1;1;Victoria;Rancagua
776;2021;Post Generación Dorada;Argentina;Visita;Oficial;Clasificatorias Catar 2022;1;1;0;Empate;Santiago del Estero
777;2021;Post Generación Dorada;Bolivia;Local;Oficial;Clasificatorias Catar 2022;1;1;0;Empate;Santiago
778;2021;Post Generación Dorada;Argentina;Visita;Oficial;Copa América 2021;1;1;0;Empate;Río de Janeiro
779;2021;Post Generación Dorada;Bolivia;Local;Oficial;Copa América 2021;1;0;1;Victoria;Cuiabá
780;2021;Post Generación Dorada;Uruguay;Visita;Oficial;Copa América 2021;1;1;0;Empate;Cuiabá
781;2021;Post Generación Dorada;Paraguay;Local;Oficial;Copa América 2021;0;2;-2;Derrota;Brasilia
782;2021;Post Generación Dorada;Brasil;Visita;Oficial;Copa América 2021;0;1;-1;Derrota;Río de Janeiro
783;2021;Post Generación Dorada;Brasil;Local;Oficial;Clasificatorias Catar 2022;0;1;-1;Derrota;Santiago
784;2021;Post Generación Dorada;Ecuador;Visita;Oficial;Clasificatorias Catar 2022;0;0;0;Empate;Quito
785;2021;Post Generación Dorada;Colombia;Visita;Oficial;Clasificatorias Catar 2022;1;3;-2;Derrota;Barranquilla
786;2021;Post Generación Dorada;Perú;Visita;Oficial;Clasificatorias Catar 2022;0;2;-2;Derrota;Lima
787;2021;Post Generación Dorada;Paraguay;Local;Oficial;Clasificatorias Catar 2022;2;0;2;Victoria;Santiago
788;2021;Post Generación Dorada;Venezuela;Local;Oficial;Clasificatorias Catar 2022;3;0;3;Victoria;Santiago
789;2021;Post Generación Dorada;Paraguay;Visita;Oficial;Clasificatorias Catar 2022;1;0;1;Victoria;Asunción
790;2021;Post Generación Dorada;Ecuador;Local;Oficial;Clasificatorias Catar 2022;0;2;-2;Derrota;Santiago
791;2021;Post Generación Dorada;México;Visita;Amistoso;Partido amistoso;2;2;0;Empate;Austin
792;2021;Post Generación Dorada;El Salvador;Visita;Amistoso;Partido amistoso;1;0;1;Victoria;Los Ángeles
793;2022;Post Generación Dorada;Argentina;Local;Oficial;Clasificatorias Catar 2022;1;2;-1;Derrota;Calama
794;2022;Post Generación Dorada;Bolivia;Visita;Oficial;Clasificatorias Catar 2022;3;2;1;Victoria;La Paz
795;2022;Post Generación Dorada;Brasil;Visita;Oficial;Clasificatorias Catar 2022;0;4;-4;Derrota;Río de Janeiro
796;2022;Post Generación Dorada;Uruguay;Local;Oficial;Clasificatorias Catar 2022;0;2;-2;Derrota;Santiago
797;2022;Post Generación Dorada;Corea del Sur;Visita;Amistoso;Partido amistoso;0;2;-2;Derrota;Daejeon
798;2022;Post Generación Dorada;Túnez;Local;Oficial;2022 Kirin Cup;0;2;-2;Derrota;Kobe
799;2022;Post Generación Dorada;Ghana;Local;Oficial;2022 Kirin Cup;0;0;0;Empate;Osaka
800;2022;Post Generación Dorada;Marruecos;Visita;Amistoso;Partido amistoso;0;2;-2;Derrota;Cornellà de Llobregat
801;2022;Post Generación Dorada;Catar;Visita;Amistoso;Partido amistoso;2;2;0;Empate;Viena
802;2022;Post Generación Dorada;Polonia;Visita;Amistoso;Partido amistoso;0;1;-1;Derrota;Varsovia
803;2022;Post Generación Dorada;Eslovaquia;Visita;Amistoso;Partido amistoso;0;0;0;Empate;Bratislava
804;2023;Post Generación Dorada;Paraguay;Local;Amistoso;Partido amistoso;3;2;1;Victoria;Santiago
805;2023;Post Generación Dorada;Cuba;Local;Amistoso;Partido amistoso;3;0;3;Victoria;Concepción
806;2023;Post Generación Dorada;República Dominicana;Local;Amistoso;Partido amistoso;5;0;5;Victoria;Viña del Mar
807;2023;Post Generación Dorada;Bolivia;Visita;Amistoso;Partido amistoso;0;0;0;Empate;Santa Cruz
808;2023;Post Generación Dorada;Uruguay;Visita;Oficial;Clasificatorias Mundial 2026;1;3;-2;Derrota;Montevideo
809;2023;Post Generación Dorada;Colombia;Local;Oficial;Clasificatorias Mundial 2026;0;0;0;Empate;Santiago
810;2023;Post Generación Dorada;Perú;Local;Oficial;Clasificatorias Mundial 2026;2;0;2;Victoria;Santiago
811;2023;Post Generación Dorada;Venezuela;Visita;Oficial;Clasificatorias Mundial 2026;0;3;-3;Derrota;Maturín
812;2023;Post Generación Dorada;Paraguay;Local;Oficial;Clasificatorias Mundial 2026;0;0;0;Empate;Santiago
813;2023;Post Generación Dorada;Ecuador;Visita;Oficial;Clasificatorias Mundial 2026;0;1;-1;Derrota;Quito
814;2024;Post Generación Dorada;Albania;Visita;Amistoso;Partido amistoso;3;0;3;Victoria;Parma
815;2024;Post Generación Dorada;Francia;Visita;Amistoso;Partido amistoso;2;3;-1;Derrota;Marsella
816;2024;Post Generación Dorada;Paraguay;Local;Amistoso;Partido amistoso;3;0;3;Victoria;Santiago
817;2024;Post Generación Dorada;Perú;Visita;Oficial;Copa América 2024;0;0;0;Empate;Arlington
818;2024;Post Generación Dorada;Argentina;Local;Oficial;Copa América 2024;0;1;-1;Derrota;East Rutherford
819;2024;Post Generación Dorada;Canadá;Visita;Oficial;Copa América 2024;0;0;0;Empate;Orlando
820;2024;Post Generación Dorada;Argentina;Visita;Oficial;Clasificatorias Mundial 2026;0;3;-3;Derrota;Buenos Aires
821;2024;Post Generación Dorada;Bolivia;Local;Oficial;Clasificatorias Mundial 2026;1;2;-1;Derrota;Santiago
822;2024;Post Generación Dorada;Brasil;Local;Oficial;Clasificatorias Mundial 2026;1;2;-1;Derrota;Santiago
823;2024;Post Generación Dorada;Colombia;Visita;Oficial;Clasificatorias Mundial 2026;0;4;-4;Derrota;Barranquilla
824;2024;Post Generación Dorada;Perú;Visita;Oficial;Clasificatorias Mundial 2026;0;0;0;Empate;Lima
825;2024;Post Generación Dorada;Venezuela;Local;Oficial;Clasificatorias Mundial 2026;4;2;2;Victoria;Santiago
826;2025;Post Generación Dorada;Panamá;Local;Amistoso;Partido amistoso;6;1;5;Victoria;Santiago
827;2025;Post Generación Dorada;Paraguay;Visita;Oficial;Clasificatorias Mundial 2026;0;1;-1;Derrota;Asunción
828;2025;Post Generación Dorada;Ecuador;Local;Oficial;Clasificatorias Mundial 2026;0;0;0;Empate;Santiago
829;2025;Post Generación Dorada;Argentina;Local;Oficial;Clasificatorias Mundial 2026;0;1;-1;Derrota;Santiago
830;2025;Post Generación Dorada;Bolivia;Visita;Oficial;Clasificatorias Mundial 2026;0;2;-2;Derrota;El Alto
831;2025;Post Generación Dorada;Brasil;Visita;Oficial;Clasificatorias Mundial 2026;0;3;-3;Derrota;Río de Janeiro
832;2025;Post Generación Dorada;Uruguay;Local;Oficial;Clasificatorias Mundial 2026;0;0;0;Empate;Santiago
833;2025;Post Generación Dorada;Perú;Local;Amistoso;Partido amistoso;2;1;1;Victoria;Santiago
834;2025;Post Generación Dorada;Rusia;Visita;Amistoso;Partido amistoso;2;0;2;Victoria;Sochi
835;2025;Post Generación Dorada;Perú;Local;Amistoso;Partido amistoso;2;1;1;Victoria;Sochi
836;2026;Post Generación Dorada;Cabo Verde;Local;Oficial;FIFA Series 2026 New Zealand;4;2;2;Victoria;Auckland
837;2026;Post Generación Dorada;Nueva Zelanda;Visita;Oficial;FIFA Series 2026 New Zealand;1;4;-3;Derrota;Auckland
838;2026;Post Generación Dorada;Portugal;Visita;Amistoso;Partido amistoso;1;2;-1;Derrota;Oeiras
839;2026;Post Generación Dorada;RD del Congo;Visita;Amistoso;Partido amistoso;2;1;1;Victoria;Orleans